datetime,signal,close
2025-06-23 18:13:52.773768,HOLD,165.15
2025-06-23 23:20:13.814241,HOLD,165.15
2025-06-24 04:25:51.883858,HOLD,165.15
2025-06-24 04:28:32.161846,HOLD,165.15
2025-06-24 04:30:42.982034,HOLD,165.15
2025-06-24 04:37:45.218690,HOLD,165.15
2025-06-23 23:38:21.668694,HOLD,165.15
2025-06-24 04:39:09.221949,HOLD,165.15
2025-06-24 09:03:02.340677,HOLD,167.05
2025-06-24 09:05:10.048367,HOLD,166.95
2025-06-24 09:06:32.388653,HOLD,166.93
2025-06-24 09:08:13.008645,HOLD,166.94
2025-06-24 09:08:33.190769,HOLD,166.89
2025-06-24 14:14:11.773519,HOLD,166.86
2025-06-24 14:19:12.483167,HOLD,167.23
2025-06-24 14:24:13.327546,HOLD,167.24
2025-06-24 14:29:14.340035,HOLD,167.09
2025-06-24 14:34:15.038345,HOLD,167.01
2025-06-24 14:39:15.803237,HOLD,167.09
2025-06-24 14:44:16.602236,HOLD,167.44
2025-06-24 14:49:17.375522,HOLD,167.09
2025-06-24 14:54:18.130118,HOLD,167.17
2025-06-24 14:59:19.070380,HOLD,167.06
2025-06-24 15:04:19.792361,HOLD,167.21
2025-06-24 15:09:20.527163,HOLD,167.58
2025-06-24 15:14:21.493574,HOLD,167.57
2025-06-24 15:19:22.350943,HOLD,167.58
2025-06-24 15:24:23.145175,HOLD,167.80
2025-06-24 10:25:55.861827,HOLD,167.77
2025-06-24 10:26:22.859113,HOLD,167.72
2025-06-24 15:29:23.948424,HOLD,167.57
2025-06-24 15:34:24.729723,HOLD,167.78
2025-06-24 15:39:25.342730,HOLD,167.80
2025-06-24 15:44:26.135826,HOLD,167.74
2025-06-24 15:50:28.773860,HOLD,167.92
2025-06-24 15:55:29.514055,HOLD,167.65
2025-06-24 16:00:30.301498,HOLD,167.79
2025-06-24 16:05:30.986418,HOLD,167.93
2025-06-24 16:10:31.702401,HOLD,168.18
2025-06-24 16:15:33.332452,HOLD,167.80
2025-06-24 16:20:34.028008,HOLD,167.97
2025-06-24 16:25:34.681815,HOLD,168.11
2025-06-24 17:49:48.904966,HOLD,167.45
2025-06-24 17:54:49.639361,HOLD,167.45
2025-06-24 17:59:50.363391,HOLD,167.41
2025-06-24 18:05:09.796605,HOLD,167.46
2025-06-24 18:07:20.190780,HOLD,167.27
2025-06-24 18:09:42.715608,HOLD,167.35
2025-06-24 18:14:43.394042,HOLD,167.30
2025-06-24 18:32:56.776618,HOLD,167.32
2025-06-24 18:34:54.155234,HOLD,167.34
2025-06-24 18:40:27.908637,HOLD,167.57
2025-06-24 18:45:28.513353,HOLD,167.55
2025-06-24 18:53:28.545186,HOLD,167.48
2025-06-24 18:58:29.162383,HOLD,167.46
2025-06-24 19:03:29.772087,HOLD,167.75
2025-06-24 19:08:30.480603,HOLD,167.55
2025-06-24 19:13:31.245382,HOLD,167.31
2025-06-24 19:18:31.901482,HOLD,167.14
2025-06-24 19:23:32.691619,HOLD,167.05
2025-06-24 19:31:24.334108,HOLD,167.05
2025-06-24 19:36:25.194846,HOLD,166.79
2025-06-24 19:41:26.025083,HOLD,166.92
2025-06-24 20:09:58.045321,HOLD,166.76
2025-06-24 20:14:58.749935,HOLD,166.76
2025-06-24 20:19:59.492294,HOLD,166.76
2025-06-24 20:25:00.289107,HOLD,166.76
2025-06-24 20:31:54.672064,HOLD,166.76
2025-06-25 09:01:49.916454,HOLD,169.82
2025-06-25 14:03:26.525053,HOLD,169.80
2025-06-25 09:04:04.144986,HOLD,169.75
2025-06-25 09:04:19.225799,HOLD,169.95
2025-06-25 14:05:32.685066,HOLD,169.86
2025-06-25 14:10:33.562469,HOLD,169.88
2025-06-25 14:15:34.135057,HOLD,169.91
2025-06-25 09:20:29.548688,HOLD,170.76
2025-06-25 14:20:34.586817,HOLD,170.83
2025-06-25 14:25:35.110055,HOLD,170.71
2025-06-25 14:30:35.587056,HOLD,171.13
2025-06-25 14:35:36.081796,HOLD,171.39
2025-06-25 14:40:36.489390,HOLD,171.29
2025-06-25 14:45:36.986174,HOLD,171.40
2025-06-25 14:50:37.462454,HOLD,171.44
2025-06-25 14:55:38.115355,HOLD,171.27
2025-06-25 15:00:38.557476,HOLD,171.01
2025-06-25 15:05:39.052980,HOLD,170.77
2025-06-25 15:10:39.599206,HOLD,170.91
2025-06-25 15:15:40.115115,HOLD,170.90
2025-06-25 15:20:40.668714,HOLD,171.31
2025-06-25 15:25:41.206742,HOLD,171.36
2025-06-25 15:30:41.669326,HOLD,171.43
2025-06-25 15:35:47.979346,HOLD,171.46
2025-06-25 15:40:48.477997,HOLD,171.47
2025-06-25 15:45:48.959012,HOLD,171.67
2025-06-25 15:50:49.468179,HOLD,172.11
2025-06-25 15:55:49.978964,HOLD,172.03
2025-06-25 16:00:50.467417,HOLD,171.95
2025-06-25 16:05:50.916235,HOLD,171.43
2025-06-25 16:10:51.352026,HOLD,171.42
2025-06-25 16:15:51.875329,HOLD,171.13
2025-06-25 16:20:52.374395,HOLD,170.80
2025-06-25 17:46:16.580855,HOLD,169.93
2025-06-25 17:51:17.152070,HOLD,169.75
2025-06-25 17:56:17.704104,HOLD,169.91
2025-06-25 18:01:18.134625,HOLD,169.76
2025-06-25 18:06:18.613339,HOLD,169.89
2025-06-25 18:11:19.608152,HOLD,169.99
2025-06-25 18:16:20.086113,HOLD,170.21
2025-06-25 18:31:42.050978,HOLD,170.34
2025-06-25 18:36:42.576589,HOLD,170.54
2025-06-25 18:41:43.203895,HOLD,170.48
2025-06-25 18:56:07.523708,HOLD,170.28
2025-06-25 19:01:08.045041,HOLD,170.27
2025-06-25 19:06:08.597607,HOLD,170.43
2025-06-25 19:11:09.512745,HOLD,170.56
2025-06-26 13:54:43.227543,HOLD,170.25
2025-06-26 13:59:43.608139,HOLD,170.98
2025-06-26 14:04:44.415425,HOLD,171.21
2025-06-26 14:09:44.964313,HOLD,171.39
2025-06-26 14:14:45.410809,HOLD,171.12
2025-06-26 14:19:45.914123,HOLD,171.38
2025-06-26 14:24:46.727788,HOLD,171.50
2025-06-26 14:29:47.198434,HOLD,171.41
2025-06-26 14:34:47.630285,HOLD,171.24
2025-06-26 14:39:48.041470,HOLD,171.28
2025-06-26 14:44:48.464669,HOLD,171.49
2025-06-26 14:49:48.873834,HOLD,171.44
2025-06-26 14:54:49.402315,HOLD,171.77
2025-06-26 14:59:49.897892,HOLD,171.79
2025-06-26 15:04:50.441835,HOLD,171.80
2025-06-26 15:09:50.925952,HOLD,171.97
2025-06-26 15:14:51.352949,HOLD,171.99
2025-06-26 15:19:51.741743,HOLD,172.51
2025-06-26 15:24:52.319291,HOLD,172.61
2025-06-26 15:29:52.819054,HOLD,172.71
2025-06-26 15:34:53.219782,HOLD,172.44
2025-06-26 15:39:53.650066,HOLD,172.15
2025-06-26 15:44:54.076846,HOLD,172.51
2025-06-26 15:49:54.667671,HOLD,172.51
2025-06-26 15:54:55.072870,HOLD,172.69
2025-06-26 15:59:55.456093,HOLD,172.65
2025-06-26 16:04:55.893526,HOLD,172.67
2025-06-26 16:09:56.353791,HOLD,172.76
2025-06-26 16:14:57.390971,HOLD,172.88
2025-06-26 16:19:57.884920,HOLD,172.58
2025-06-26 16:24:58.252722,HOLD,172.66
2025-06-26 16:29:59.024018,HOLD,172.57
2025-06-26 16:34:59.534986,HOLD,172.60
2025-06-26 16:39:59.986246,HOLD,172.53
2025-06-26 16:45:00.429720,HOLD,172.22
2025-06-26 16:50:01.275630,HOLD,172.32
2025-06-26 16:55:01.689720,HOLD,172.45
2025-06-26 17:00:02.282520,HOLD,172.51
2025-06-26 17:05:02.745953,HOLD,172.67
2025-06-26 17:10:03.182935,HOLD,172.72
2025-06-26 17:15:03.676784,HOLD,172.71
2025-06-26 17:20:04.147764,HOLD,172.68
2025-06-26 17:25:04.682541,HOLD,172.76
2025-06-26 17:30:05.091396,HOLD,172.79
2025-06-26 17:35:05.585972,HOLD,172.81
2025-06-26 17:40:06.005835,HOLD,172.84
2025-06-26 17:45:07.219741,HOLD,172.93
2025-06-26 18:23:04.498838,HOLD,172.96
2025-06-26 18:33:54.879578,HOLD,173.32
2025-06-26 18:38:55.315525,HOLD,172.96
2025-06-26 18:43:55.790008,HOLD,173.02
2025-06-26 18:48:56.198213,HOLD,172.93
2025-06-26 18:53:56.701414,HOLD,172.86
2025-06-26 18:58:57.227155,HOLD,172.85
2025-06-26 19:03:58.020574,HOLD,172.68
2025-06-26 19:08:58.628420,HOLD,172.87
2025-06-26 19:13:59.200759,HOLD,172.78
2025-06-26 19:18:59.602600,HOLD,172.93
2025-06-26 19:24:00.147555,HOLD,172.95
2025-06-26 19:29:00.696074,HOLD,173.01
2025-06-26 19:34:01.158553,HOLD,173.03
2025-06-26 19:39:01.606989,HOLD,173.13
2025-06-26 19:44:02.141724,HOLD,172.85
2025-06-26 19:49:02.646283,HOLD,173.07
2025-06-26 19:54:03.096639,HOLD,173.53
2025-06-26 19:59:04.677732,HOLD,173.56
2025-06-26 20:04:05.256903,HOLD,173.51
2025-06-26 20:09:05.721758,HOLD,173.51
2025-06-26 20:45:15.657459,HOLD,173.51
2025-06-26 20:50:16.051018,HOLD,173.51
2025-06-26 20:55:16.555548,HOLD,173.51
2025-06-26 21:00:16.998113,HOLD,173.51
2025-06-27 15:15:53.088494,HOLD,173.74
2025-06-27 15:20:53.554748,HOLD,173.64
2025-06-27 15:25:54.002647,HOLD,173.87
2025-06-27 15:30:54.947216,HOLD,173.71
2025-06-27 15:35:55.589313,HOLD,173.87
2025-06-27 15:40:56.094549,HOLD,173.81
2025-06-27 15:59:26.336974,HOLD,173.76
2025-06-27 16:04:26.753080,HOLD,173.41
2025-06-27 16:09:27.269040,HOLD,173.35
2025-06-27 16:14:27.702156,HOLD,173.18
2025-06-27 16:19:28.177776,HOLD,172.78
2025-06-27 16:24:28.670761,HOLD,172.86
2025-06-27 16:30:51.767966,HOLD,173.09
2025-06-27 17:00:25.381311,HOLD,173.40
2025-06-27 18:07:01.764900,HOLD,172.97
2025-06-27 18:12:02.736740,HOLD,172.90
2025-06-27 18:17:03.251427,HOLD,172.79
2025-06-27 18:24:52.637597,HOLD,172.76
2025-06-27 18:29:53.018744,HOLD,172.70
2025-06-27 18:39:26.208417,HOLD,172.55
2025-06-27 18:47:36.299140,HOLD,172.43
2025-06-27 18:52:36.734576,HOLD,171.83
2025-06-27 19:13:36.187024,HOLD,172.99
2025-06-27 19:18:36.644653,HOLD,173.24
2025-06-27 19:23:37.070263,HOLD,173.18
2025-06-27 19:28:37.549334,HOLD,173.35
2025-06-27 19:43:18.856144,HOLD,174.27
2025-06-27 19:48:19.382986,HOLD,173.99
2025-06-27 20:26:21.169041,HOLD,178.53
2025-06-27 20:31:21.578484,HOLD,178.53
2025-06-27 20:36:22.059056,HOLD,178.53
2025-06-27 20:41:22.491204,HOLD,178.53
2025-06-27 20:46:23.079988,HOLD,178.53
2025-06-27 20:51:23.546120,HOLD,178.53
2025-06-27 20:56:24.322366,HOLD,178.53
2025-06-27 21:01:24.802416,HOLD,178.53
2025-06-27 21:06:25.265603,HOLD,178.53
2025-06-28 22:29:25.470244,HOLD,178.53
2025-06-30 18:29:16.446106,HOLD,176.74
2025-06-30 18:34:17.264017,HOLD,176.91
2025-06-30 18:39:17.916263,HOLD,176.66
2025-06-30 18:44:18.573383,HOLD,176.61
2025-06-30 18:49:19.202348,HOLD,176.20
2025-06-30 18:54:19.865028,HOLD,175.95
2025-06-30 18:59:20.538185,HOLD,176.52
2025-06-30 19:04:21.159008,HOLD,176.57
2025-06-30 19:09:21.804257,HOLD,176.52
2025-06-30 19:14:22.400005,HOLD,176.57
2025-06-30 19:19:23.005859,HOLD,176.48
2025-06-30 19:24:23.673843,HOLD,176.62
2025-06-30 19:29:24.346625,HOLD,176.35
2025-06-30 19:34:24.986411,HOLD,176.24
2025-06-30 19:39:25.615386,HOLD,176.38
2025-06-30 19:44:26.568794,HOLD,176.05
2025-06-30 19:49:27.239842,HOLD,176.41
2025-06-30 19:54:27.900841,HOLD,176.17
2025-06-30 19:59:28.538756,HOLD,176.31
2025-06-30 20:04:29.795981,HOLD,176.20
2025-06-30 20:09:30.447524,HOLD,176.20
2025-06-30 20:14:31.080511,HOLD,176.20
2025-07-07 14:25:45.941629,HOLD,177.77
2025-07-07 14:30:46.582254,HOLD,177.49
2025-07-07 14:35:47.584372,HOLD,177.13
2025-07-07 14:40:48.575881,HOLD,177.47
2025-07-07 14:45:49.337290,HOLD,177.11
2025-07-07 14:50:49.964173,HOLD,176.90
2025-07-07 14:55:50.598868,HOLD,176.74
2025-07-07 15:00:51.102547,HOLD,176.81
2025-07-07 15:05:51.997206,HOLD,177.05
2025-07-07 15:10:52.605525,HOLD,176.95
2025-07-07 15:15:53.244846,HOLD,177.24
2025-07-07 15:20:53.731432,HOLD,177.07
2025-07-07 15:25:54.240435,HOLD,177.16
2025-07-07 15:30:54.887598,HOLD,177.50
2025-07-07 15:35:55.383767,HOLD,177.51
2025-07-07 15:40:56.024432,HOLD,177.62
2025-07-07 15:45:56.584776,HOLD,177.25
2025-07-07 15:50:57.264165,HOLD,177.02
2025-07-07 15:55:57.935320,HOLD,177.01
2025-07-07 16:00:58.464944,HOLD,177.35
2025-07-07 16:05:58.990117,HOLD,177.42
2025-07-07 16:10:59.604652,HOLD,177.42
2025-07-07 16:16:00.243579,HOLD,177.30
2025-07-07 16:21:01.143603,HOLD,176.72
2025-07-07 16:27:47.983748,HOLD,176.76
2025-07-07 16:32:48.531278,HOLD,176.78
2025-07-07 16:37:49.122960,HOLD,177.07
2025-07-07 16:42:49.861520,HOLD,176.98
2025-07-07 16:47:50.478603,HOLD,176.72
2025-07-07 16:52:51.094126,HOLD,176.40
2025-07-07 16:57:51.596879,HOLD,176.16
2025-07-07 17:02:52.192952,HOLD,176.23
2025-07-07 17:07:52.776893,HOLD,176.21
2025-07-07 17:12:53.487175,HOLD,176.35
2025-07-07 17:17:54.092347,HOLD,176.29
2025-07-07 17:23:29.853657,HOLD,176.22
2025-07-07 17:28:30.424930,HOLD,176.14
2025-07-07 17:33:31.030518,HOLD,176.54
2025-07-07 17:38:32.127835,HOLD,176.34
2025-07-07 17:43:39.500799,HOLD,176.40
2025-07-07 17:48:40.049230,HOLD,176.33
2025-07-07 17:53:40.695465,HOLD,176.37
2025-07-07 17:58:41.300614,HOLD,176.36
2025-07-07 18:03:41.983826,HOLD,176.23
2025-07-07 18:08:42.496878,HOLD,176.23
2025-07-07 18:13:43.387443,HOLD,176.32
2025-07-07 18:18:44.066510,HOLD,176.00
2025-07-07 18:23:44.707574,HOLD,175.79
2025-07-07 19:23:45.897839,HOLD,176.23
2025-07-07 19:28:46.577457,HOLD,176.25
2025-07-07 19:34:58.934980,HOLD,176.35
2025-07-07 19:39:59.599401,HOLD,176.32
2025-07-07 19:45:00.278206,HOLD,176.13
2025-07-07 19:50:00.847487,HOLD,176.05
2025-07-07 19:55:01.740583,HOLD,176.59
2025-07-07 20:00:02.793591,HOLD,176.76
2025-07-07 20:05:03.688132,HOLD,176.79
2025-07-07 20:10:04.372926,HOLD,176.79
2025-07-07 20:15:04.990671,HOLD,176.79
2025-07-07 20:20:05.588641,HOLD,176.79
2025-07-07 20:25:06.639182,HOLD,176.79
2025-07-07 20:30:07.321361,HOLD,176.79
2025-07-07 20:35:07.968769,HOLD,176.79
2025-07-07 20:40:08.594562,HOLD,176.79
2025-07-07 20:45:09.226191,HOLD,176.79
2025-07-07 20:50:09.820434,HOLD,176.79
2025-07-07 20:55:10.522508,HOLD,176.79
2025-07-07 21:00:11.044897,HOLD,176.79
2025-07-07 21:05:11.633157,HOLD,176.79
2025-07-07 21:10:12.152783,HOLD,176.79
2025-07-07 21:15:12.714595,HOLD,176.79
2025-07-07 21:20:13.244401,HOLD,176.79
2025-07-07 21:25:13.888341,HOLD,176.79
2025-07-07 21:30:14.479232,HOLD,176.79
2025-07-07 21:35:15.102523,HOLD,176.79
2025-07-07 21:40:15.911288,HOLD,176.79
2025-07-07 21:45:16.547644,HOLD,176.79
2025-07-07 21:50:17.052996,HOLD,176.79
2025-07-07 21:55:17.665317,HOLD,176.79
2025-07-07 22:00:18.260060,HOLD,176.79
2025-07-07 22:05:18.851380,HOLD,176.79
2025-07-07 22:10:19.418474,HOLD,176.79
2025-07-07 22:18:29.577643,HOLD,176.79
2025-07-07 22:23:30.134660,HOLD,176.79
2025-07-08 16:57:41.714234,HOLD,174.14
2025-07-08 17:02:42.368432,HOLD,174.06
2025-07-08 17:07:42.962373,HOLD,174.06
2025-07-08 17:12:43.475047,HOLD,174.15
2025-07-08 17:17:45.090222,HOLD,174.06
2025-07-08 18:00:47.087665,HOLD,174.18
2025-07-08 18:05:47.573510,HOLD,174.05
2025-07-08 18:10:48.178941,HOLD,174.01
2025-07-08 18:15:48.970066,HOLD,173.95
2025-07-08 18:20:49.944435,HOLD,173.92
2025-07-08 18:25:50.790746,HOLD,173.87
2025-07-08 18:30:51.421355,HOLD,173.74
2025-07-08 18:35:52.153410,HOLD,173.82
2025-07-08 18:40:52.793482,HOLD,173.81
2025-07-08 18:45:53.368561,HOLD,173.63
2025-07-08 18:50:54.122844,HOLD,173.68
2025-07-08 18:55:55.835709,HOLD,173.57
2025-07-08 19:00:56.656653,HOLD,173.53
2025-07-08 19:05:57.356238,HOLD,173.49
2025-07-08 19:10:58.085415,HOLD,173.52
2025-07-08 19:15:58.676939,HOLD,173.57
2025-07-08 19:20:59.200565,HOLD,173.67
2025-07-08 19:25:59.823163,HOLD,173.76
2025-07-08 19:31:00.644918,HOLD,173.90
2025-07-08 19:36:01.257741,HOLD,174.05
2025-07-08 19:41:02.438128,HOLD,174.11
2025-07-08 19:46:02.943339,HOLD,174.09
2025-07-08 19:51:03.488314,HOLD,174.00
2025-07-08 19:56:04.314217,HOLD,174.06
2025-07-08 20:01:05.254400,HOLD,174.35
2025-07-08 20:06:06.062885,HOLD,174.35
2025-07-08 20:11:07.015343,HOLD,174.35
2025-07-08 20:16:07.969588,HOLD,174.35
2025-07-08 20:21:08.467290,HOLD,174.35
2025-07-08 20:26:09.020427,HOLD,174.35
2025-07-08 20:31:09.592384,HOLD,174.35
2025-07-08 20:36:10.632180,HOLD,174.35
2025-07-08 20:41:11.220255,HOLD,174.35
2025-07-08 20:46:11.799043,HOLD,174.35
2025-07-08 21:03:13.173468,HOLD,174.35
2025-07-08 21:08:13.850606,HOLD,174.35
2025-07-08 21:13:14.444936,HOLD,174.35
2025-07-08 21:18:15.313474,HOLD,174.35
2025-07-08 21:23:15.969486,HOLD,174.35
2025-07-08 21:28:16.603134,HOLD,174.35
2025-07-08 21:33:17.223940,HOLD,174.35
2025-07-08 21:38:17.809498,HOLD,174.35
2025-07-08 21:43:18.395782,HOLD,174.35
2025-07-08 21:48:19.078410,HOLD,174.35
2025-07-08 21:53:19.701714,HOLD,174.35
2025-07-08 21:58:20.294333,HOLD,174.35
2025-07-08 22:03:20.864905,HOLD,174.35
2025-07-08 22:08:21.468082,HOLD,174.35
2025-07-09 14:22:48.496421,HOLD,179.22
2025-07-09 14:27:49.427094,HOLD,178.69
2025-07-09 14:32:50.147882,HOLD,178.07
2025-07-09 14:44:53.901393,HOLD,177.89
2025-07-09 14:49:54.583420,HOLD,177.58
2025-07-09 14:54:55.193780,HOLD,177.29
2025-07-09 14:59:55.891288,HOLD,177.14
2025-07-09 15:04:56.714097,HOLD,177.11
2025-07-09 15:09:57.371553,HOLD,177.73
2025-07-09 15:14:58.035385,HOLD,177.88
2025-07-09 15:19:58.797108,HOLD,177.83
2025-07-09 15:24:59.966980,HOLD,177.97
2025-07-09 15:30:00.577566,HOLD,177.92
2025-07-09 15:35:01.291296,HOLD,177.96
2025-07-09 15:40:01.968786,HOLD,177.96
2025-07-09 15:45:02.764654,HOLD,177.81
2025-07-09 15:50:03.652721,HOLD,177.71
2025-07-09 15:55:04.239582,HOLD,177.36
2025-07-09 16:00:04.856210,HOLD,177.47
2025-07-09 16:05:05.643009,HOLD,177.41
2025-07-09 16:10:06.765931,HOLD,176.85
2025-07-09 16:15:07.448030,HOLD,176.96
2025-07-09 16:20:08.036687,HOLD,176.92
2025-07-09 16:25:08.757406,HOLD,176.95
2025-07-09 16:30:09.686879,HOLD,176.94
2025-07-09 16:35:10.287460,HOLD,177.18
2025-07-09 16:40:10.941050,HOLD,177.49
2025-07-09 16:45:11.594263,HOLD,177.46
2025-07-09 16:50:12.286828,HOLD,177.58
2025-07-09 16:55:13.039758,HOLD,177.62
2025-07-09 17:00:13.996087,HOLD,177.65
2025-07-09 17:05:14.714265,HOLD,177.55
2025-07-09 17:10:15.625151,HOLD,177.43
2025-07-09 17:15:16.328185,HOLD,177.15
2025-07-09 17:20:16.885053,HOLD,177.26
2025-07-09 17:25:17.472049,HOLD,177.28
2025-07-09 17:30:18.135809,HOLD,177.33
2025-07-09 17:35:18.783384,HOLD,177.50
2025-07-09 17:40:19.544728,HOLD,177.52
2025-07-09 17:45:20.289225,HOLD,177.36
2025-07-09 17:50:20.905116,HOLD,177.22
2025-07-09 17:55:50.440011,HOLD,175.86
2025-07-09 19:19:17.941976,HOLD,176.46
2025-07-09 19:24:18.587627,HOLD,176.38
2025-07-09 19:29:19.317748,HOLD,176.30
2025-07-09 19:34:19.932142,HOLD,176.33
2025-07-09 19:39:20.730873,HOLD,176.71
2025-07-09 19:44:21.370413,HOLD,176.75
2025-07-09 19:49:21.951729,HOLD,176.73
2025-07-09 19:54:22.977828,HOLD,176.54
2025-07-09 19:59:23.857635,HOLD,176.68
2025-07-09 20:04:24.511270,HOLD,176.70
2025-07-09 20:09:25.156607,HOLD,176.70
2025-07-09 20:14:25.990855,HOLD,176.62
2025-07-09 20:19:26.621499,HOLD,176.70
2025-07-09 20:24:27.195059,HOLD,176.70
2025-07-09 20:29:27.802378,HOLD,176.70
2025-07-09 20:34:28.375516,HOLD,176.70
2025-07-09 20:39:29.299248,HOLD,176.62
2025-07-09 20:44:30.195013,HOLD,176.62
2025-07-09 20:49:30.851270,HOLD,176.70
2025-07-09 20:54:31.970405,HOLD,176.62
2025-07-09 20:59:32.592441,HOLD,176.70
2025-07-09 21:04:33.465771,HOLD,176.62
2025-07-09 21:09:34.100624,HOLD,176.70
2025-07-09 21:14:35.151673,HOLD,176.62
2025-07-09 21:19:35.758954,HOLD,176.70
2025-07-09 21:24:36.380369,HOLD,176.70
2025-07-09 21:29:36.975855,HOLD,176.70
2025-07-09 21:34:37.553811,HOLD,176.70
2025-07-09 21:39:38.350233,HOLD,176.62
2025-07-10 13:56:03.722750,HOLD,174.97
2025-07-10 14:01:10.389799,HOLD,175.21
2025-07-10 14:06:12.212764,HOLD,175.08
2025-07-10 14:11:12.888008,HOLD,175.31
2025-07-10 14:16:13.547621,HOLD,175.22
2025-07-10 14:21:14.216630,HOLD,175.02
2025-07-10 14:26:14.733310,HOLD,175.01
2025-07-10 14:31:15.283105,HOLD,175.06
2025-07-10 14:36:15.847402,HOLD,175.36
2025-07-10 14:41:16.448623,HOLD,175.43
2025-07-10 14:46:17.035616,HOLD,175.30
2025-07-10 15:02:07.709618,HOLD,175.84
2025-07-10 15:07:08.632030,HOLD,175.49
2025-07-10 15:12:09.269447,HOLD,175.73
2025-07-10 15:17:09.861349,HOLD,175.93
2025-07-10 15:22:10.954952,HOLD,176.18
2025-07-10 15:27:11.619572,HOLD,176.43
2025-07-10 15:32:12.570992,HOLD,176.18
2025-07-10 15:37:13.188545,HOLD,176.04
2025-07-10 15:42:13.854824,HOLD,176.13
2025-07-10 15:47:15.009052,HOLD,176.25
2025-07-10 15:52:15.790706,HOLD,176.27
2025-07-10 15:57:16.725723,HOLD,176.42
2025-07-10 16:02:17.429105,HOLD,176.48
2025-07-10 16:07:18.125960,HOLD,176.37
2025-07-10 16:12:18.932516,HOLD,176.45
2025-07-10 16:17:19.552926,HOLD,176.73
2025-07-10 16:22:20.657645,HOLD,176.50
2025-07-10 16:27:21.335119,HOLD,176.70
2025-07-10 16:32:22.391945,HOLD,176.75
2025-07-10 16:37:23.540185,HOLD,176.62
2025-07-10 16:42:24.516742,HOLD,177.07
2025-07-10 16:47:25.452109,HOLD,176.95
2025-07-10 16:52:26.284478,HOLD,176.94
2025-07-10 16:57:27.066261,HOLD,177.00
2025-07-10 17:02:27.766709,HOLD,177.10
2025-07-10 17:26:10.775818,HOLD,178.11
2025-07-10 17:31:11.423154,HOLD,178.38
2025-07-10 17:36:12.105711,HOLD,178.05
2025-07-10 17:41:12.734999,HOLD,178.06
2025-07-10 17:46:13.469227,HOLD,177.95
2025-07-10 17:51:14.131307,HOLD,177.64
2025-07-10 17:56:14.779753,HOLD,177.56
2025-07-10 18:01:15.742770,HOLD,177.49
2025-07-10 18:06:16.510823,HOLD,177.85
2025-07-10 18:11:17.301287,HOLD,177.74
2025-07-10 18:16:18.187283,HOLD,177.77
2025-07-10 18:21:18.794693,HOLD,177.82
2025-07-10 18:26:19.735723,HOLD,177.50
2025-07-10 18:31:21.423380,HOLD,177.69
2025-07-10 18:36:22.015795,HOLD,177.64
2025-07-10 18:41:23.026869,HOLD,177.53
2025-07-10 18:46:23.840840,HOLD,177.26
2025-07-10 18:51:24.924893,HOLD,177.43
2025-07-10 18:56:25.968729,HOLD,177.47
2025-07-10 19:01:26.696439,HOLD,177.39
2025-07-10 19:06:27.336854,HOLD,177.53
2025-07-10 19:11:28.298164,HOLD,177.65
2025-07-10 19:16:29.092896,HOLD,177.79
2025-07-10 19:21:29.785926,HOLD,177.76
2025-07-10 19:26:30.875802,HOLD,177.75
2025-07-10 19:31:31.788369,HOLD,177.73
2025-07-10 19:36:32.538075,HOLD,177.62
2025-07-10 19:41:33.251987,HOLD,177.82
2025-07-10 19:46:34.323059,HOLD,177.65
2025-07-10 19:51:35.295276,HOLD,177.41
2025-07-10 19:56:35.962434,HOLD,177.49
2025-07-10 20:01:36.769738,HOLD,177.63
2025-07-10 20:06:37.625868,HOLD,177.63
2025-07-10 20:11:38.312820,HOLD,177.63
2025-07-10 20:16:39.118633,HOLD,177.63
2025-07-10 20:21:39.751198,HOLD,177.63
2025-07-10 20:26:40.433944,HOLD,177.63
2025-07-10 20:31:41.284674,HOLD,177.63
2025-07-10 20:36:41.931243,HOLD,177.63
2025-07-11 13:56:43.600924,HOLD,177.65
2025-07-11 13:57:38.253874,HOLD,177.78
2025-07-11 14:02:38.867813,HOLD,177.53
2025-07-11 14:07:39.454816,HOLD,177.10
2025-07-11 14:12:39.950753,HOLD,176.85
2025-07-11 14:17:41.106978,HOLD,177.11
2025-07-11 14:22:41.726919,HOLD,177.68
2025-07-11 14:27:42.303396,HOLD,177.48
2025-07-11 14:32:42.907151,HOLD,177.67
2025-07-11 14:37:43.610403,HOLD,177.74
2025-07-11 14:42:44.407746,HOLD,177.82
2025-07-11 14:47:45.036732,HOLD,178.03
2025-07-11 14:52:45.572919,HOLD,178.31
2025-07-11 14:57:46.344739,HOLD,178.19
2025-07-11 15:02:47.007799,HOLD,178.57
2025-07-11 15:16:53.142938,HOLD,178.53
2025-07-11 15:21:53.729872,HOLD,178.70
2025-07-11 15:26:54.413397,HOLD,178.57
2025-07-11 15:31:54.993578,HOLD,179.12
2025-07-11 15:36:55.591164,HOLD,179.38
2025-07-11 15:41:56.189522,HOLD,180.44
2025-07-11 15:46:56.760559,HOLD,180.48
2025-07-11 15:52:01.112844,HOLD,180.07
2025-07-11 15:57:01.722973,HOLD,179.89
2025-07-11 16:02:02.287896,HOLD,180.13
2025-07-11 16:07:02.885383,HOLD,179.76
2025-07-11 16:12:03.424366,HOLD,179.70
2025-07-11 16:18:09.675647,HOLD,179.63
2025-07-11 16:23:10.253011,HOLD,179.75
2025-07-11 16:28:13.041735,HOLD,179.87
2025-07-11 16:33:13.665080,HOLD,179.97
2025-07-11 16:38:14.279916,HOLD,180.01
2025-07-11 16:43:14.838927,HOLD,180.12
2025-07-11 16:48:15.329652,HOLD,179.81
2025-07-11 16:53:15.826664,HOLD,179.70
2025-07-11 16:58:16.402927,HOLD,179.79
2025-07-11 17:45:46.791984,HOLD,180.26
2025-07-11 18:01:54.484865,HOLD,180.63
2025-07-11 18:06:55.054907,HOLD,180.50
2025-07-11 18:11:55.675707,HOLD,180.81
2025-07-11 18:19:46.520614,HOLD,181.11
2025-07-11 18:24:47.128480,HOLD,181.31
2025-07-11 20:39:38.469153,HOLD,180.15
2025-07-11 20:44:39.173325,HOLD,180.15
2025-07-11 20:49:39.863868,HOLD,180.15
2025-07-11 20:54:40.533055,HOLD,180.15
2025-07-11 20:59:41.244791,HOLD,180.15
2025-07-11 21:04:41.882059,HOLD,180.15
2025-07-11 21:09:42.607622,HOLD,180.15
2025-07-11 21:14:43.251551,HOLD,180.15
2025-07-14 13:58:18.171310,HOLD,180.71
2025-07-14 14:03:24.584902,HOLD,180.38
2025-07-14 14:08:25.232234,HOLD,180.10
2025-07-14 14:13:25.837966,HOLD,180.05
2025-07-14 14:18:26.502029,HOLD,180.60
2025-07-14 14:23:27.039057,HOLD,180.77
2025-07-14 14:28:28.033894,HOLD,180.32
2025-07-14 14:33:28.731792,HOLD,180.25
2025-07-14 14:38:29.331410,HOLD,179.92
2025-07-14 14:43:29.891279,HOLD,180.17
2025-07-14 14:48:30.486971,HOLD,180.49
2025-07-14 14:53:31.138730,HOLD,180.70
2025-07-14 14:58:31.747730,HOLD,180.51
2025-07-14 15:03:32.334734,HOLD,180.43
2025-07-14 15:08:32.903427,HOLD,180.49
2025-07-14 15:13:33.548465,HOLD,180.79
2025-07-14 15:18:34.114136,HOLD,180.72
2025-07-14 15:23:34.714268,HOLD,181.02
2025-07-14 15:34:27.141547,HOLD,180.58
2025-07-14 15:39:27.658476,HOLD,180.79
2025-07-14 15:44:28.255752,HOLD,180.74
2025-07-14 15:49:28.849503,HOLD,180.50
2025-07-14 15:54:29.369119,HOLD,180.53
2025-07-14 15:59:30.415880,HOLD,180.58
2025-07-14 16:04:31.085205,HOLD,180.56
2025-07-14 16:09:31.692250,HOLD,180.87
2025-07-14 16:14:32.358876,HOLD,180.76
2025-07-14 16:19:52.279436,HOLD,180.62
2025-07-14 16:24:52.855972,HOLD,180.58
2025-07-14 16:29:53.434689,HOLD,180.59
2025-07-14 17:06:08.598779,HOLD,181.60
2025-07-14 17:11:09.200354,HOLD,181.67
2025-07-14 17:16:09.754630,HOLD,181.68
2025-07-14 17:40:22.206130,HOLD,181.21
2025-07-14 17:45:22.785156,HOLD,181.22
2025-07-14 17:50:23.444088,HOLD,181.13
2025-07-14 17:55:24.103631,HOLD,181.18
2025-07-14 18:00:24.687751,HOLD,181.18
2025-07-14 18:05:25.343683,HOLD,181.39
2025-07-14 18:10:25.919013,HOLD,181.57
2025-07-14 18:15:26.546681,HOLD,181.61
2025-07-14 18:20:27.221236,HOLD,181.63
2025-07-14 18:25:27.826710,HOLD,181.79
2025-07-14 18:30:28.490977,HOLD,181.66
2025-07-14 18:35:29.062764,HOLD,181.82
2025-07-14 18:40:29.608401,HOLD,181.71
2025-07-14 18:45:30.271401,HOLD,181.69
2025-07-14 18:50:30.916211,HOLD,181.54
2025-07-14 18:55:31.471899,HOLD,181.62
2025-07-14 19:00:32.061754,HOLD,181.40
2025-07-14 19:05:32.691364,HOLD,181.26
2025-07-14 19:10:33.376084,HOLD,181.32
2025-07-14 19:15:33.955290,HOLD,181.43
2025-07-14 19:20:34.540830,HOLD,181.50
2025-07-14 19:25:35.167922,HOLD,181.40
2025-07-14 19:30:35.742121,HOLD,181.58
2025-07-14 19:35:36.358223,HOLD,181.52
2025-07-14 19:40:36.965388,HOLD,181.70
2025-07-14 19:45:37.510815,HOLD,181.62
2025-07-14 19:50:38.043385,HOLD,181.67
2025-07-14 19:55:38.560777,HOLD,181.66
2025-07-14 20:00:39.377985,HOLD,181.60
2025-07-14 20:05:40.045868,HOLD,181.60
2025-07-14 20:10:40.597075,HOLD,181.60
2025-07-14 20:15:41.166745,HOLD,181.60
2025-07-14 20:20:41.719870,HOLD,181.60
2025-07-14 20:25:42.279703,HOLD,181.60
2025-07-14 20:30:42.925809,HOLD,181.60
2025-07-14 20:35:43.487288,HOLD,181.60
2025-07-14 20:40:44.129038,HOLD,181.60
2025-07-14 20:45:44.776720,HOLD,181.60
2025-07-14 20:50:45.394366,HOLD,181.60
2025-07-15 13:59:24.189533,HOLD,182.57
2025-07-15 14:04:25.128066,HOLD,182.64
2025-07-15 14:09:25.744103,HOLD,182.33
2025-07-15 14:14:26.350950,HOLD,182.62
2025-07-15 14:19:26.970122,HOLD,182.82
2025-07-15 14:24:27.618046,HOLD,182.69
2025-07-15 14:29:28.252774,HOLD,182.69
2025-07-15 14:34:28.769209,HOLD,182.67
2025-07-15 14:39:29.409338,HOLD,183.32
2025-07-15 14:44:30.079123,HOLD,182.88
2025-07-15 14:49:30.653162,HOLD,183.31
2025-07-15 14:54:31.400697,HOLD,183.04
2025-07-15 14:59:32.075901,HOLD,182.67
2025-07-15 15:04:32.740480,HOLD,183.09
2025-07-15 15:09:33.329777,HOLD,183.40
2025-07-15 15:14:34.033030,HOLD,183.57
2025-07-15 15:19:34.692900,HOLD,183.79
2025-07-15 15:24:35.279199,HOLD,183.89
2025-07-15 15:29:35.918398,HOLD,184.02
2025-07-15 15:34:36.488173,HOLD,183.50
2025-07-15 15:39:37.057991,HOLD,183.46
2025-07-15 15:52:32.870924,HOLD,183.66
2025-07-15 15:57:33.495006,HOLD,183.49
2025-07-15 16:02:34.061444,HOLD,183.27
2025-07-15 16:07:34.656701,HOLD,183.32
2025-07-15 16:12:35.229978,HOLD,182.89
2025-07-15 16:17:35.806181,HOLD,183.04
2025-07-15 16:22:36.609334,HOLD,183.22
2025-07-15 16:27:37.216844,HOLD,183.22
2025-07-15 16:32:37.834726,HOLD,183.33
2025-07-15 16:37:38.478659,HOLD,182.96
2025-07-15 16:42:39.113846,HOLD,183.04
2025-07-15 16:47:39.794340,HOLD,183.00
2025-07-15 16:52:40.625397,HOLD,183.07
2025-07-15 16:57:41.307528,HOLD,182.81
2025-07-15 17:02:41.951525,HOLD,183.19
2025-07-15 17:07:42.596552,HOLD,183.27
2025-07-15 17:12:43.326220,HOLD,183.31
2025-07-15 17:18:54.869599,HOLD,183.38
2025-07-15 18:03:50.992928,HOLD,183.69
2025-07-15 18:08:51.622479,HOLD,183.71
2025-07-15 18:13:52.204129,HOLD,183.78
2025-07-15 18:18:52.767460,HOLD,183.85
2025-07-15 18:23:53.361411,HOLD,183.88
2025-07-15 18:28:53.871662,HOLD,183.92
2025-07-15 18:33:54.362513,HOLD,184.11
2025-07-15 18:38:55.026277,HOLD,184.15
2025-07-15 18:43:55.617586,HOLD,184.06
2025-07-15 18:48:56.264377,HOLD,184.01
2025-07-15 18:53:56.867545,HOLD,183.87
2025-07-15 18:58:57.516367,HOLD,183.60
2025-07-15 19:03:58.060196,HOLD,183.63
2025-07-15 19:08:58.609249,HOLD,183.41
2025-07-15 19:13:59.325224,HOLD,183.14
2025-07-15 19:18:59.903723,HOLD,183.10
2025-07-15 19:24:00.468536,HOLD,183.09
2025-07-15 19:29:01.069484,HOLD,183.18
2025-07-15 19:34:01.732655,HOLD,183.26
2025-07-15 19:39:02.306294,HOLD,183.58
2025-07-15 19:44:02.929663,HOLD,183.46
2025-07-15 19:49:03.615864,HOLD,183.46
2025-07-15 19:54:04.292184,HOLD,183.02
2025-07-15 19:59:04.893895,HOLD,182.19
2025-07-15 20:04:06.191042,HOLD,181.96
2025-07-15 20:09:06.826128,HOLD,181.96
2025-07-15 20:14:07.504624,HOLD,181.96
2025-07-15 20:19:08.072048,HOLD,181.96
2025-07-16 19:07:22.302743,HOLD,183.54
2025-07-16 19:12:22.916809,HOLD,183.38
2025-07-16 19:17:23.525548,HOLD,183.19
2025-07-16 19:22:24.088082,HOLD,183.26
2025-07-16 19:27:24.753426,HOLD,183.15
2025-07-16 19:32:25.360985,HOLD,182.95
2025-07-16 19:37:25.951109,HOLD,183.00
2025-07-16 19:42:26.606935,HOLD,183.19
2025-07-16 19:47:27.269817,HOLD,183.09
2025-07-16 19:52:27.891917,HOLD,182.97
2025-07-16 19:57:28.471943,HOLD,182.83
2025-07-16 20:02:29.000706,HOLD,182.91
2025-07-16 20:07:29.743404,HOLD,182.91
2025-07-16 20:12:30.270449,HOLD,182.91
2025-07-16 20:17:30.838972,HOLD,182.91
2025-07-16 20:22:31.546855,HOLD,182.91
2025-07-16 20:27:32.142281,HOLD,182.91
2025-07-16 20:32:32.665614,HOLD,182.91
2025-07-16 20:37:33.287238,HOLD,182.91
2025-07-16 20:42:33.934399,HOLD,182.91
2025-07-16 20:47:34.551009,HOLD,182.91
2025-07-16 20:52:35.204880,HOLD,182.91
2025-07-16 20:57:35.810417,HOLD,182.91
2025-07-16 21:02:36.439985,HOLD,182.91
2025-07-16 21:07:37.136873,HOLD,182.91
2025-07-16 21:12:37.747870,HOLD,182.91
2025-07-16 21:17:38.386038,HOLD,182.91
2025-07-16 21:22:39.046761,HOLD,182.91
2025-07-16 21:27:39.670059,HOLD,182.91
2025-07-16 21:32:40.306559,HOLD,182.91
2025-07-16 21:37:40.997108,HOLD,182.91
2025-07-16 21:42:41.560548,HOLD,182.91
2025-07-16 21:47:42.168716,HOLD,182.91
2025-07-17 13:56:56.699786,HOLD,181.19
2025-07-17 14:01:57.321989,HOLD,181.58
2025-07-17 14:06:57.995316,HOLD,181.87
2025-07-17 14:12:02.143175,HOLD,181.62
2025-07-17 14:17:02.900676,HOLD,182.13
2025-07-17 14:22:03.543403,HOLD,182.43
2025-07-17 14:27:04.196683,HOLD,182.26
2025-07-17 14:32:04.823543,HOLD,182.49
2025-07-17 14:37:05.818200,HOLD,182.51
2025-07-17 14:42:06.363563,HOLD,182.24
2025-07-17 14:47:06.926832,HOLD,182.37
2025-07-17 14:52:07.547461,HOLD,181.97
2025-07-17 14:57:08.111672,HOLD,182.05
2025-07-17 15:02:08.667229,HOLD,182.17
2025-07-17 15:07:09.308498,HOLD,182.23
2025-07-17 15:12:10.309071,HOLD,182.26
2025-07-17 15:17:10.838219,HOLD,182.28
2025-07-17 15:22:11.524203,HOLD,182.12
2025-07-17 15:27:12.266525,HOLD,182.35
2025-07-17 15:32:12.855976,HOLD,182.12
2025-07-17 15:37:13.488468,HOLD,182.36
2025-07-17 15:42:14.083888,HOLD,182.40
2025-07-17 15:47:14.669367,HOLD,182.46
2025-07-17 15:52:15.300252,HOLD,182.51
2025-07-17 15:57:15.813261,HOLD,182.60
2025-07-17 16:02:16.420625,HOLD,182.80
2025-07-17 16:07:16.961155,HOLD,182.78
2025-07-17 16:12:17.525967,HOLD,182.88
2025-07-17 16:17:18.160942,HOLD,182.79
2025-07-17 16:22:18.793495,HOLD,182.75
2025-07-17 16:27:19.419443,HOLD,182.81
2025-07-17 16:32:20.038613,HOLD,182.73
2025-07-17 16:37:20.781946,HOLD,182.86
2025-07-17 16:42:21.441235,HOLD,183.01
2025-07-17 16:47:22.143875,HOLD,182.96
2025-07-17 16:52:22.783182,HOLD,183.02
2025-07-17 17:00:06.471728,HOLD,182.77
2025-07-17 17:05:07.068762,HOLD,182.75
2025-07-17 17:10:07.634890,HOLD,182.38
2025-07-17 17:15:08.429854,HOLD,182.21
2025-07-17 17:21:06.717719,HOLD,182.74
2025-07-17 17:33:09.098488,HOLD,182.97
2025-07-17 18:04:22.867626,HOLD,183.42
2025-07-17 18:09:23.480909,HOLD,183.51
2025-07-17 18:14:23.994141,HOLD,183.64
2025-07-17 18:19:24.608934,HOLD,183.67
2025-07-17 18:24:25.133437,HOLD,183.74
2025-07-17 18:29:25.731034,HOLD,183.71
2025-07-17 18:34:26.241639,HOLD,183.58
2025-07-17 18:39:26.877110,HOLD,183.52
2025-07-17 18:44:27.433378,HOLD,183.66
2025-07-17 18:49:27.955309,HOLD,183.54
2025-07-17 18:54:28.536709,HOLD,183.63
2025-07-17 18:59:29.100987,HOLD,183.59
2025-07-17 19:04:29.647474,HOLD,183.77
2025-07-17 19:09:30.243012,HOLD,183.74
2025-07-17 19:14:30.896899,HOLD,183.71
2025-07-17 19:19:31.364097,HOLD,183.89
2025-07-17 19:24:31.968494,HOLD,183.95
2025-07-17 19:32:14.545030,HOLD,183.89
2025-07-17 19:37:15.166180,HOLD,183.92
2025-07-17 19:42:15.732928,HOLD,183.88
2025-07-17 19:47:16.372909,HOLD,183.92
2025-07-17 19:52:17.000064,HOLD,183.80
2025-07-17 19:57:17.546770,HOLD,183.55
2025-07-17 20:02:18.218653,HOLD,183.64
2025-07-17 20:07:18.853170,HOLD,183.64
2025-07-17 20:12:19.416680,HOLD,183.64
2025-07-17 20:17:20.108142,HOLD,183.64
2025-07-17 20:22:20.700664,HOLD,183.64
2025-07-17 20:27:21.249912,HOLD,183.64
2025-07-17 20:32:21.746717,HOLD,183.64
2025-07-17 20:37:22.364856,HOLD,183.64
2025-07-17 20:42:22.837953,HOLD,183.64
2025-07-17 21:12:53.208566,HOLD,183.64
2025-07-17 21:17:53.979174,HOLD,183.64
2025-07-17 21:22:54.535231,HOLD,183.64
2025-07-17 21:27:55.873400,HOLD,183.64
2025-07-17 21:32:56.513655,HOLD,183.64
2025-07-17 21:37:57.172481,HOLD,183.64
2025-07-21 13:23:52.663222,HOLD,185.04
2025-07-21 13:28:53.394701,HOLD,185.04
2025-07-21 13:33:55.316517,HOLD,187.83
2025-07-21 14:02:32.921199,HOLD,189.35
2025-07-21 14:07:33.497651,HOLD,189.06
2025-07-21 14:12:34.216490,HOLD,189.48
2025-07-21 14:17:34.889545,HOLD,189.81
2025-07-21 14:22:35.673047,HOLD,189.56
2025-07-21 14:27:36.517553,HOLD,188.79
2025-07-21 14:49:58.461035,HOLD,189.26
2025-07-21 14:54:59.480056,HOLD,189.46
2025-07-21 15:00:00.141982,HOLD,189.29
2025-07-21 15:05:00.736881,HOLD,189.26
2025-07-21 15:10:01.339698,HOLD,189.00
2025-07-21 15:15:01.928867,HOLD,189.01
2025-07-21 15:20:02.496730,HOLD,188.94
2025-07-21 15:25:03.116450,HOLD,188.90
2025-07-21 15:30:03.710165,HOLD,189.09
2025-07-21 15:35:04.235896,HOLD,189.06
2025-07-21 15:40:04.848119,HOLD,189.16
2025-07-21 15:45:05.443186,HOLD,188.90
2025-07-21 15:50:06.043178,HOLD,188.71
2025-07-21 15:55:06.804893,HOLD,188.65
2025-07-21 16:00:07.374125,HOLD,188.43
2025-07-21 16:05:08.006154,HOLD,188.30
2025-07-21 16:10:08.688331,HOLD,188.32
2025-07-21 16:15:09.488827,HOLD,188.36
2025-07-21 16:20:10.165777,HOLD,188.35
2025-07-21 16:25:10.835517,HOLD,188.59
2025-07-21 16:30:11.468632,HOLD,188.90
2025-07-21 16:35:12.136298,HOLD,189.01
2025-07-21 16:40:12.698379,HOLD,189.09
2025-07-21 16:45:13.356002,HOLD,189.23
2025-07-21 16:50:14.059858,HOLD,189.09
2025-07-21 16:55:14.615103,HOLD,189.35
2025-07-21 17:00:15.496783,HOLD,189.30
2025-07-21 17:05:16.077825,HOLD,189.40
2025-07-21 18:02:18.292483,HOLD,189.43
2025-07-21 18:08:17.509679,HOLD,189.41
2025-07-21 18:13:18.190363,HOLD,189.47
2025-07-21 18:18:18.878764,HOLD,189.82
2025-07-21 18:23:19.573154,HOLD,189.76
2025-07-21 18:30:05.977767,HOLD,189.71
2025-07-21 18:35:06.702160,HOLD,189.73
2025-07-21 18:40:07.390721,HOLD,189.68
2025-07-21 18:45:08.536349,HOLD,189.88
2025-07-21 18:50:09.313366,HOLD,189.75
2025-07-21 18:55:10.136091,HOLD,190.01
2025-07-21 19:00:10.761990,HOLD,189.99
2025-07-22 13:53:33.566597,HOLD,187.69
2025-07-22 13:58:34.206290,HOLD,188.60
2025-07-22 14:03:35.574459,HOLD,188.35
2025-07-22 14:08:36.026934,HOLD,189.06
2025-07-22 14:13:37.029439,HOLD,188.84
2025-07-22 14:18:38.101170,HOLD,189.47
2025-07-22 14:23:39.071579,HOLD,189.47
2025-07-22 14:28:39.923930,HOLD,188.95
2025-07-22 14:33:50.454145,HOLD,189.27
2025-07-22 14:38:56.278055,HOLD,189.56
2025-07-22 14:43:56.789102,HOLD,189.58
2025-07-22 14:49:04.429349,HOLD,189.33
2025-07-22 14:54:14.396427,HOLD,189.31
2025-07-22 14:59:24.058526,HOLD,189.64
2025-07-22 15:04:24.641141,HOLD,189.30
2025-07-22 15:09:36.240476,HOLD,189.10
2025-07-22 15:14:36.760847,HOLD,189.16
2025-07-22 15:19:40.803080,HOLD,189.23
2025-07-22 15:24:44.033643,HOLD,188.88
2025-07-22 15:29:44.600698,HOLD,189.15
2025-07-22 15:34:45.220669,HOLD,189.49
2025-07-22 15:46:03.707161,HOLD,189.68
2025-07-22 15:51:11.083389,HOLD,189.55
2025-07-22 15:56:30.436916,HOLD,189.34
2025-07-22 16:01:41.615066,HOLD,189.06
2025-07-22 16:06:45.867882,HOLD,189.47
2025-07-22 16:17:15.489689,HOLD,190.21
2025-07-22 16:22:16.257955,HOLD,189.33
2025-07-22 16:27:16.826583,HOLD,189.61
2025-07-22 16:32:17.353011,HOLD,189.85
2025-07-22 16:37:17.973773,HOLD,190.25
2025-07-22 16:42:18.595028,HOLD,190.04
2025-07-22 16:47:19.150075,HOLD,190.06
2025-07-22 16:52:20.115391,HOLD,190.40
2025-07-22 16:57:20.720498,HOLD,190.46
2025-07-22 17:02:21.341162,HOLD,190.48
2025-07-22 17:10:35.721911,HOLD,190.44
2025-07-22 17:36:25.305726,HOLD,190.83
2025-07-22 17:41:25.914859,HOLD,190.63
2025-07-22 17:46:26.555200,HOLD,190.73
2025-07-22 17:51:27.081865,HOLD,190.58
2025-07-22 17:56:27.617672,HOLD,190.70
2025-07-22 18:01:28.197665,HOLD,190.85
2025-07-22 18:06:28.753660,HOLD,190.95
2025-07-22 18:11:30.197924,HOLD,190.95
2025-07-22 18:16:31.242894,HOLD,190.62
2025-07-22 18:21:31.884464,HOLD,190.64
2025-07-22 18:26:32.440958,HOLD,190.98
2025-07-22 18:31:32.993567,HOLD,190.75
2025-07-22 18:36:33.540473,HOLD,191.30
2025-07-22 18:41:34.105750,HOLD,191.20
2025-07-22 18:46:34.732892,HOLD,191.09
2025-07-22 18:51:35.283113,HOLD,191.32
2025-07-22 18:56:35.814351,HOLD,191.60
2025-07-22 19:01:36.458967,HOLD,191.24
2025-07-22 19:06:37.129857,HOLD,191.32
2025-07-22 19:11:37.759380,HOLD,191.43
2025-07-22 19:16:38.291995,HOLD,191.23
2025-07-22 19:21:38.930208,HOLD,191.30
2025-07-22 19:27:35.343623,HOLD,191.46
2025-07-22 19:32:45.646613,HOLD,191.42
2025-07-22 19:37:46.198559,HOLD,191.37
2025-07-22 19:42:46.806842,HOLD,191.46
2025-07-22 19:47:47.424476,HOLD,191.37
2025-07-22 19:52:47.995961,HOLD,191.33
2025-07-22 19:57:48.711506,HOLD,191.49
2025-07-22 20:02:49.401038,HOLD,191.35
2025-07-22 20:07:50.024217,HOLD,191.35
2025-07-22 20:12:50.542111,HOLD,191.35
2025-07-22 20:17:51.105288,HOLD,191.35
2025-07-22 20:22:51.730413,HOLD,191.35
2025-07-22 20:27:52.495125,HOLD,191.35
2025-07-22 20:47:33.063005,HOLD,191.35
2025-07-22 20:52:33.624571,HOLD,191.35
2025-07-24 14:00:04.783813,HOLD,193.30
2025-07-24 14:05:05.356983,HOLD,192.82
2025-07-24 14:10:06.067952,HOLD,191.84
2025-07-24 14:15:06.565135,HOLD,191.32
2025-07-24 14:20:07.085497,HOLD,192.25
2025-07-24 14:25:07.570253,HOLD,193.29
2025-07-24 14:30:08.197746,HOLD,192.93
2025-07-24 14:35:08.755294,HOLD,192.67
2025-07-24 14:40:09.520906,HOLD,193.21
2025-07-24 14:45:16.627088,HOLD,192.88
2025-07-24 14:50:17.299876,HOLD,192.61
2025-07-24 14:55:17.994007,HOLD,192.96
2025-07-24 15:00:18.661886,HOLD,193.04
2025-07-24 15:05:19.250898,HOLD,193.19
2025-07-24 15:10:19.929755,HOLD,193.11
2025-07-24 15:15:20.545274,HOLD,193.52
2025-07-24 15:26:24.090967,HOLD,192.61
2025-07-24 15:31:37.885249,HOLD,194.20
2025-07-24 15:41:47.647983,HOLD,193.02
2025-07-24 15:46:50.236624,HOLD,193.14
2025-07-24 15:51:53.847072,HOLD,193.44
2025-07-24 15:56:56.252255,HOLD,193.24
2025-07-24 16:02:01.320225,HOLD,193.18
2025-07-24 16:07:07.482457,HOLD,193.60
2025-07-24 16:12:09.957492,HOLD,193.09
2025-07-24 16:17:11.786863,HOLD,192.52
2025-07-24 16:22:13.509249,HOLD,192.62
2025-07-24 16:27:15.400742,HOLD,192.52
2025-07-24 16:32:16.932646,HOLD,192.65
2025-07-24 16:37:18.295340,HOLD,192.37
2025-07-24 16:42:19.095582,HOLD,192.34
2025-07-24 16:47:19.914647,HOLD,191.88
2025-07-24 16:52:21.135739,HOLD,191.75
2025-07-24 16:57:21.840854,HOLD,191.81
2025-07-24 17:02:22.784574,HOLD,191.78
2025-07-24 17:07:23.976378,HOLD,192.43
2025-07-24 17:30:24.235291,HOLD,192.79
2025-07-24 17:43:40.633167,HOLD,193.14
2025-07-24 17:48:41.756400,HOLD,193.37
2025-07-24 17:53:42.606758,HOLD,193.26
2025-07-24 17:58:44.307997,HOLD,193.19
2025-07-24 18:03:45.479990,HOLD,193.38
2025-07-24 18:08:46.696175,HOLD,193.41
2025-07-24 18:13:48.691103,HOLD,193.59
2025-07-24 18:18:49.707284,HOLD,193.77
2025-07-24 18:23:50.695961,HOLD,193.84
2025-07-24 18:28:51.661751,HOLD,193.88
2025-07-24 18:33:52.362213,HOLD,193.71
2025-07-24 18:38:53.391796,HOLD,193.52
2025-07-24 18:47:23.747011,HOLD,193.24
2025-07-24 18:52:25.329122,HOLD,193.36
2025-07-24 18:57:27.311891,HOLD,193.32
2025-07-24 19:02:28.238833,HOLD,193.17
2025-07-24 19:07:29.080865,HOLD,193.44
2025-07-24 19:12:30.089688,HOLD,193.26
2025-07-25 14:02:29.593978,HOLD,193.85
2025-07-25 14:07:30.189979,HOLD,193.85
2025-07-25 14:12:30.780180,HOLD,193.82
2025-07-25 14:17:31.304450,HOLD,193.12
2025-07-25 14:22:31.966846,HOLD,192.85
2025-07-25 14:31:08.301988,HOLD,193.41
2025-07-25 14:36:08.911756,HOLD,193.43
2025-07-25 14:39:42.984006,HOLD,192.89
2025-07-25 14:44:43.963587,HOLD,192.88
2025-07-25 14:49:44.608623,HOLD,192.88
2025-07-25 14:54:45.121121,HOLD,192.75
2025-07-25 14:59:45.763923,HOLD,192.91
2025-07-25 15:04:46.439216,HOLD,193.17
2025-07-25 15:10:06.417963,HOLD,192.92
2025-07-25 15:15:56.478282,HOLD,193.24
2025-07-25 15:20:57.078623,HOLD,193.21
2025-07-25 15:25:57.688052,HOLD,193.82
2025-07-25 15:40:54.882952,HOLD,193.31
2025-07-25 15:47:17.852275,HOLD,193.14
2025-07-25 15:54:41.254264,HOLD,193.46
2025-07-25 15:59:41.820131,HOLD,193.53
2025-07-25 16:04:42.368708,HOLD,193.33
2025-07-25 16:51:18.306651,HOLD,193.13
2025-07-25 16:56:18.907634,HOLD,193.26
2025-07-25 17:01:19.554975,HOLD,193.29
2025-07-25 17:06:20.126938,HOLD,193.07
2025-07-25 17:16:29.196278,HOLD,193.24
2025-07-25 17:30:20.183082,HOLD,193.24
2025-07-25 17:35:20.689690,HOLD,193.12
2025-07-25 17:40:21.388872,HOLD,193.25
2025-07-25 17:45:22.033948,HOLD,193.06
2025-07-25 17:50:22.585414,HOLD,192.99
2025-07-25 17:55:23.176469,HOLD,192.86
2025-07-25 18:04:02.167307,HOLD,192.85
2025-07-25 18:09:02.794723,HOLD,192.81
2025-07-25 18:14:03.291024,HOLD,193.09
2025-07-25 18:19:03.882788,HOLD,193.23
2025-07-25 18:24:07.765737,HOLD,193.21
2025-07-25 18:29:08.377010,HOLD,193.27
2025-07-25 18:44:27.772325,HOLD,193.71
2025-07-25 18:49:28.470519,HOLD,193.62
2025-07-25 21:31:58.984073,HOLD,193.18
2025-07-25 21:36:59.670394,HOLD,193.18
2025-07-25 21:42:00.417247,HOLD,193.18
2025-07-25 21:47:01.320104,HOLD,193.18
2025-07-25 21:52:01.922997,HOLD,193.18
2025-07-28 14:35:59.856064,HOLD,191.66
2025-07-28 14:41:00.629121,HOLD,191.69
2025-07-28 14:46:01.179103,HOLD,191.54
2025-07-28 14:51:01.768826,HOLD,192.07
2025-07-28 14:56:02.316441,HOLD,191.63
2025-07-28 15:01:02.871973,HOLD,191.85
2025-07-28 15:06:03.404543,HOLD,191.99
2025-07-28 15:11:03.950670,HOLD,191.75
2025-07-28 15:16:04.471619,HOLD,191.53
2025-07-28 15:21:04.996820,HOLD,191.06
2025-07-28 15:26:05.506603,HOLD,191.30
2025-07-28 15:31:06.219630,HOLD,191.24
2025-07-28 15:36:06.931050,HOLD,191.20
2025-07-28 15:41:07.536278,HOLD,191.24
2025-07-28 15:46:09.097935,HOLD,191.42
2025-07-28 15:51:09.825166,HOLD,191.38
2025-07-28 15:56:10.567825,HOLD,191.32
2025-07-28 16:21:22.668119,HOLD,191.13
2025-07-28 16:26:23.196128,HOLD,191.10
2025-07-28 16:31:23.732118,HOLD,191.20
2025-07-28 16:36:24.296991,HOLD,191.38
2025-07-28 16:41:24.967079,HOLD,191.70
2025-07-28 16:46:25.534208,HOLD,191.59
2025-07-28 16:51:26.326483,HOLD,191.71
2025-07-28 16:56:26.844888,HOLD,191.88
2025-07-28 17:01:27.591776,HOLD,192.00
2025-07-28 17:06:28.124963,HOLD,192.04
2025-07-28 18:28:00.010415,HOLD,192.22
2025-07-28 18:36:13.282045,HOLD,192.07
2025-07-28 18:41:13.810415,HOLD,191.98
2025-07-28 18:46:14.423039,HOLD,191.95
2025-07-28 18:51:15.015367,HOLD,191.96
2025-07-28 18:56:15.687905,HOLD,191.87
2025-07-28 19:01:16.297234,HOLD,191.74
2025-07-28 19:06:16.834811,HOLD,191.69
2025-07-28 19:11:17.464186,HOLD,191.63
2025-07-28 19:16:18.051840,HOLD,191.74
2025-07-28 19:21:18.651888,HOLD,191.88
2025-07-28 19:26:19.227026,HOLD,191.71
2025-07-28 19:31:19.829258,HOLD,191.81
2025-07-28 19:36:20.397064,HOLD,192.04
2025-07-28 19:41:21.082483,HOLD,191.93
2025-07-28 19:46:22.148288,HOLD,191.73
2025-07-28 19:51:22.762534,HOLD,191.90
2025-07-28 19:56:23.454033,HOLD,192.49
2025-07-28 20:01:24.085998,HOLD,192.56
2025-07-28 20:06:27.613354,HOLD,192.56
2025-07-28 20:11:28.261345,HOLD,192.56
2025-07-28 20:16:28.878240,HOLD,192.56
2025-07-28 20:21:29.422109,HOLD,192.56
2025-07-29 14:00:08.433526,HOLD,192.55
2025-07-29 14:05:09.207144,HOLD,192.50
2025-07-29 14:10:09.825982,HOLD,192.82
2025-07-29 14:15:10.394411,HOLD,193.23
2025-07-29 14:20:11.093378,HOLD,193.44
2025-07-29 14:25:11.642420,HOLD,193.15
2025-07-29 14:30:13.750099,HOLD,193.05
2025-07-29 14:35:14.404542,HOLD,193.04
2025-07-29 14:40:14.949424,HOLD,192.79
2025-07-29 14:45:15.596754,HOLD,192.91
2025-07-29 14:50:16.279002,HOLD,192.96
2025-07-29 14:55:16.927832,HOLD,192.93
2025-07-29 15:00:17.993485,HOLD,193.36
2025-07-29 15:05:18.584992,HOLD,193.68
2025-07-29 15:10:19.244587,HOLD,193.45
2025-07-29 15:15:21.096991,HOLD,193.33
2025-07-29 15:20:23.275059,HOLD,193.40
2025-07-29 15:25:23.861344,HOLD,193.46
2025-07-29 15:30:24.428000,HOLD,193.29
2025-07-29 15:35:25.368574,HOLD,193.69
2025-07-29 15:54:17.290104,HOLD,194.40
2025-07-29 15:59:17.940089,HOLD,194.35
2025-07-29 16:04:18.488911,HOLD,194.55
2025-07-29 16:09:19.221082,HOLD,194.27
2025-07-29 16:14:19.885060,HOLD,194.43
2025-07-29 16:19:20.593590,HOLD,194.60
2025-07-29 16:24:21.258665,HOLD,194.58
2025-07-29 16:29:21.959702,HOLD,194.70
2025-07-29 16:34:22.767957,HOLD,194.99
2025-07-29 16:39:23.411514,HOLD,194.87
2025-07-29 16:44:24.069246,HOLD,195.10
2025-07-29 16:49:24.675398,HOLD,195.07
2025-07-29 16:56:45.588953,HOLD,195.59
2025-07-29 17:01:46.204226,HOLD,195.44
2025-07-29 17:06:46.797436,HOLD,195.17
2025-07-29 17:28:06.349598,HOLD,195.02
2025-07-29 17:33:06.965037,HOLD,194.94
2025-07-29 17:38:07.533769,HOLD,194.90
2025-07-29 17:43:08.201131,HOLD,194.75
2025-07-29 17:48:09.510536,HOLD,194.75
2025-07-29 17:53:13.281151,HOLD,194.81
2025-07-29 17:58:13.882528,HOLD,195.16
2025-07-29 18:03:14.474984,HOLD,195.01
2025-07-29 18:08:15.072927,HOLD,195.15
2025-07-29 18:13:15.762157,HOLD,195.21
2025-07-29 18:18:16.493744,HOLD,195.33
2025-07-29 18:23:17.062864,HOLD,195.22
2025-07-29 18:28:18.046803,HOLD,195.08
2025-07-29 18:33:21.256045,HOLD,195.12
2025-07-29 18:38:21.837753,HOLD,195.09
2025-07-29 18:43:22.411521,HOLD,195.10
2025-07-29 18:48:23.062530,HOLD,195.18
2025-07-29 18:53:23.746965,HOLD,195.30
2025-07-29 18:58:24.434308,HOLD,195.17
2025-07-29 19:03:25.110112,HOLD,195.15
2025-07-29 19:08:26.054601,HOLD,195.20
2025-07-29 19:13:26.660796,HOLD,195.29
2025-07-29 19:18:27.266960,HOLD,195.38
2025-07-29 19:23:27.879560,HOLD,195.49
2025-07-29 19:36:30.710698,HOLD,195.23
2025-07-29 19:41:31.266176,HOLD,195.30
2025-07-29 19:46:31.751921,HOLD,195.67
2025-07-29 19:51:32.305935,HOLD,195.64
2025-07-29 19:56:32.890671,HOLD,195.59
2025-07-29 20:01:33.512885,HOLD,195.74
2025-07-29 20:06:34.130709,HOLD,195.74
2025-07-29 20:11:34.784821,HOLD,195.74
2025-07-29 20:16:35.324522,HOLD,195.74
2025-07-30 19:02:06.751585,HOLD,195.77
2025-07-30 19:07:07.390453,HOLD,195.56
2025-07-30 19:12:08.058978,HOLD,195.76
2025-07-30 19:17:08.596388,HOLD,196.03
2025-07-30 19:22:09.217456,HOLD,196.09
2025-07-30 19:27:11.916203,HOLD,195.80
2025-07-30 19:32:12.467789,HOLD,196.10
2025-07-30 19:37:13.077781,HOLD,196.02
2025-07-30 19:42:13.814106,HOLD,196.07
2025-07-30 19:47:14.357059,HOLD,196.20
2025-07-30 19:52:14.881801,HOLD,196.35
2025-07-30 19:57:15.523040,HOLD,196.46
2025-07-30 20:02:16.154305,HOLD,196.62
2025-07-30 20:07:16.724247,HOLD,196.62
2025-07-31 14:25:11.177593,HOLD,194.44
2025-07-31 14:46:22.002774,HOLD,192.68
2025-07-31 14:51:29.626727,HOLD,192.34
2025-07-31 14:56:45.486323,HOLD,192.60
2025-07-31 15:02:02.752496,HOLD,194.44
2025-07-31 15:07:14.373139,HOLD,191.75
2025-07-31 15:12:26.725372,HOLD,191.80
2025-07-31 15:17:39.704852,HOLD,192.60
2025-07-31 15:22:57.152011,HOLD,191.97
2025-07-31 15:27:58.883301,HOLD,192.37
2025-07-31 15:33:04.570773,HOLD,192.20
2025-07-31 15:38:08.354176,HOLD,192.66
2025-07-31 15:51:56.197442,HOLD,193.12
2025-07-31 15:58:14.308939,HOLD,193.22
2025-07-31 16:03:25.320786,HOLD,193.32
2025-07-31 16:08:30.323872,HOLD,193.75
2025-07-31 16:13:43.071621,HOLD,192.60
2025-07-31 16:18:52.111479,HOLD,193.69
2025-07-31 16:23:54.735726,HOLD,193.72
2025-07-31 16:28:56.569351,HOLD,193.94
2025-07-31 16:34:00.239371,HOLD,193.49
2025-07-31 16:39:02.688606,HOLD,193.01
2025-07-31 16:44:03.386492,HOLD,192.90
2025-07-31 16:49:04.741788,HOLD,192.75
2025-07-31 16:54:05.937910,HOLD,192.76
2025-07-31 16:59:07.397591,HOLD,192.83
2025-07-31 17:04:08.682177,HOLD,192.53
2025-07-31 17:09:09.749563,HOLD,192.78
2025-07-31 17:14:11.610155,HOLD,192.73
2025-07-31 17:19:12.480973,HOLD,192.68
2025-07-31 17:24:13.194234,HOLD,192.67
2025-07-31 17:29:13.838159,HOLD,192.04
2025-07-31 17:34:14.504021,HOLD,192.24
2025-07-31 17:55:53.342779,HOLD,192.30
2025-07-31 18:00:54.284955,HOLD,192.38
2025-07-31 18:05:54.837423,HOLD,192.19
2025-07-31 18:11:44.314228,HOLD,192.10
2025-07-31 18:22:12.879322,HOLD,192.26
2025-07-31 18:27:14.007449,HOLD,192.20
2025-07-31 18:32:15.447575,HOLD,192.45
2025-07-31 18:37:15.964098,HOLD,192.51
2025-07-31 18:42:16.598085,HOLD,192.26
2025-07-31 18:47:17.138812,HOLD,192.14
2025-07-31 18:52:23.097591,HOLD,191.84
2025-07-31 18:57:23.697087,HOLD,191.69
2025-07-31 19:02:24.251033,HOLD,191.76
2025-07-31 19:07:24.794025,HOLD,191.90
2025-07-31 19:12:25.471675,HOLD,191.80
2025-07-31 19:17:26.145481,HOLD,191.63
2025-07-31 19:22:26.840332,HOLD,191.76
2025-07-31 19:27:32.325485,HOLD,191.79
2025-07-31 19:32:33.402548,HOLD,191.88
2025-07-31 19:37:34.098895,HOLD,192.10
2025-07-31 19:42:34.752811,HOLD,191.93
2025-07-31 19:47:35.280485,HOLD,191.68
2025-07-31 19:52:35.825054,HOLD,191.19
2025-07-31 19:57:36.390643,HOLD,191.80
2025-07-31 20:02:37.525440,HOLD,191.94
2025-07-31 20:07:38.246103,HOLD,191.94
2025-08-01 13:54:41.770279,HOLD,189.06
2025-08-01 13:59:42.398738,HOLD,189.11
2025-08-01 14:04:43.072476,HOLD,188.50
2025-08-01 14:09:43.674737,HOLD,188.94
2025-08-01 14:14:44.350045,HOLD,189.19
2025-08-01 14:19:44.926605,HOLD,189.15
2025-08-01 14:24:45.566523,HOLD,189.22
2025-08-01 14:35:21.598876,HOLD,189.45
2025-08-01 14:40:22.216482,HOLD,189.69
2025-08-01 14:45:22.829875,HOLD,189.42
2025-08-01 14:51:08.805168,HOLD,188.94
2025-08-01 15:05:27.943122,HOLD,188.50
2025-08-01 15:22:56.637728,HOLD,188.59
2025-08-01 15:27:57.549434,HOLD,188.70
2025-08-01 15:45:10.903337,HOLD,189.18
2025-08-01 15:56:05.692784,HOLD,189.03
2025-08-01 16:13:05.190031,HOLD,188.81
2025-08-01 16:18:05.891149,HOLD,189.05
2025-08-01 16:24:16.069714,HOLD,189.20
2025-08-01 16:29:17.599408,HOLD,189.10
2025-08-01 16:34:18.278670,HOLD,189.06
2025-08-01 16:39:18.853864,HOLD,188.82
2025-08-01 16:44:20.029870,HOLD,188.71
2025-08-01 16:49:20.752652,HOLD,188.46
2025-08-01 16:54:21.315669,HOLD,188.34
2025-08-01 16:59:22.408989,HOLD,188.00
2025-08-01 17:04:23.097117,HOLD,188.07
2025-08-01 17:06:24.526172,BUY,187.96
2025-08-01 17:39:12.705203,HOLD,188.59
2025-08-01 17:44:13.323561,HOLD,188.81
2025-08-01 17:47:15.358880,HOLD,188.76
2025-08-01 17:52:15.952800,HOLD,188.77
2025-08-01 18:04:33.115275,HOLD,188.81
2025-08-01 18:09:33.689273,HOLD,188.70
2025-08-01 18:14:34.264625,HOLD,188.75
2025-08-01 18:38:19.814398,HOLD,189.10
2025-08-01 18:43:20.412240,HOLD,189.27
2025-08-01 18:48:21.102626,HOLD,189.24
2025-08-01 18:56:30.578423,HOLD,188.83
2025-08-01 19:01:31.134230,HOLD,188.93
2025-08-01 19:06:31.695149,HOLD,188.89
2025-08-01 19:11:32.271189,HOLD,188.75
2025-08-01 19:18:11.498825,HOLD,188.95
2025-08-01 19:23:12.444709,HOLD,188.78
2025-08-01 19:46:05.147343,HOLD,188.95
2025-08-01 19:51:05.758665,HOLD,189.12
2025-08-01 19:56:06.436927,HOLD,189.15
2025-08-01 20:01:07.046584,HOLD,189.08
2025-08-04 16:35:17.300779,HOLD,193.93
2025-08-04 16:40:17.909759,HOLD,193.86
2025-08-04 16:45:18.509155,HOLD,193.82
2025-08-04 16:50:19.116395,HOLD,193.80
2025-08-04 16:55:48.311718,HOLD,194.05
2025-08-04 17:00:49.007045,HOLD,193.96
2025-08-04 17:05:49.667116,HOLD,194.00
2025-08-04 17:10:50.330811,HOLD,194.12
2025-08-04 17:15:51.399970,HOLD,194.13
2025-08-04 17:20:52.182649,HOLD,194.21
2025-08-04 17:25:52.753337,HOLD,194.30
2025-08-04 17:32:12.431188,HOLD,194.29
2025-08-04 17:37:13.375333,HOLD,194.34
2025-08-04 17:42:13.997462,HOLD,194.39
2025-08-04 17:47:14.767945,HOLD,194.27
2025-08-04 17:52:15.504740,HOLD,194.27
2025-08-04 17:57:16.160265,HOLD,194.39
2025-08-04 18:02:16.791965,HOLD,194.64
2025-08-04 18:07:17.553763,HOLD,194.70
2025-08-04 18:12:18.353767,HOLD,194.66
2025-08-04 18:17:19.127854,SELL,194.55
2025-08-04 18:25:14.332214,SELL,194.54
2025-08-04 18:30:15.000676,HOLD,194.50
2025-08-04 18:35:19.411002,SELL,194.57
2025-08-04 18:40:23.561142,SELL,194.58
2025-08-04 18:45:24.177969,SELL,194.79
2025-08-04 18:50:25.311421,SELL(STRONGLY),195.15
2025-08-04 18:55:28.118799,SELL(STRONGLY),195.21
2025-08-04 19:00:28.752761,SELL,194.93
2025-08-04 19:05:29.316432,SELL,194.84
2025-08-04 19:10:32.242760,HOLD,194.65
2025-08-04 19:15:32.956814,HOLD,194.48
2025-08-04 19:20:33.514318,HOLD,194.41
2025-08-04 19:25:34.320025,HOLD,194.42
2025-08-04 19:30:35.428336,HOLD,194.32
2025-08-04 19:35:36.041950,HOLD,194.33
2025-08-04 19:40:38.836519,HOLD,194.35
2025-08-04 19:48:23.382984,HOLD,194.66
2025-08-04 19:53:24.058418,HOLD,194.77
2025-08-04 19:58:24.732285,HOLD,195.05
2025-08-04 20:03:25.695015,HOLD,195.04
2025-08-04 20:08:26.294685,HOLD,195.04
2025-08-04 20:13:27.050947,HOLD,195.04
2025-08-04 20:18:27.788875,HOLD,195.04
2025-08-04 20:23:28.404828,HOLD,195.04
2025-08-04 20:28:29.094331,HOLD,195.04
2025-08-05 13:47:20.518517,HOLD,197.77
2025-08-05 13:52:23.770581,HOLD,197.38
2025-08-05 13:57:24.678144,HOLD,196.79
2025-08-05 14:02:25.401387,HOLD,196.76
2025-08-05 14:11:58.593990,HOLD,196.72
2025-08-05 14:16:59.198080,HOLD,197.10
2025-08-05 14:21:59.901386,HOLD,197.10
2025-08-05 14:27:00.642880,HOLD,196.97
2025-08-05 14:32:01.257986,HOLD,196.64
2025-08-05 14:37:01.846272,HOLD,195.59
2025-08-05 14:42:02.514001,HOLD,195.48
2025-08-05 14:47:04.459019,HOLD,195.41
2025-08-05 14:52:05.076941,HOLD,195.33
2025-08-05 14:57:05.672661,HOLD,195.17
2025-08-05 15:02:06.334565,HOLD,195.39
2025-08-05 15:07:06.983961,HOLD,195.52
2025-08-05 15:12:07.491433,HOLD,195.58
2025-08-05 15:17:08.128128,HOLD,195.53
2025-08-05 15:22:16.689488,HOLD,195.52
2025-08-05 15:27:17.330597,HOLD,195.52
2025-08-05 15:32:17.962410,HOLD,195.58
2025-08-05 15:37:18.611164,HOLD,195.29
2025-08-05 15:48:54.699805,HOLD,195.52
2025-08-05 15:53:55.294108,HOLD,195.51
2025-08-05 15:58:55.924653,HOLD,195.49
2025-08-05 16:03:56.471107,HOLD,195.26
2025-08-05 16:08:57.133929,HOLD,195.69
2025-08-05 16:13:57.928464,HOLD,195.65
2025-08-05 16:18:58.579179,HOLD,195.59
2025-08-05 16:23:59.207953,HOLD,195.51
2025-08-05 16:28:59.803664,HOLD,195.55
2025-08-05 16:34:00.384160,HOLD,195.55
2025-08-05 16:39:01.088468,HOLD,195.38
2025-08-05 16:44:01.606905,HOLD,195.03
2025-08-05 16:54:40.271114,HOLD,194.84
2025-08-05 16:59:40.837599,HOLD,194.71
2025-08-05 17:04:41.472678,HOLD,194.75
2025-08-05 17:09:44.630639,HOLD,195.04
2025-08-05 17:14:45.190691,HOLD,195.19
2025-08-05 17:23:56.019614,HOLD,195.27
2025-08-05 17:47:27.342635,HOLD,195.44
2025-08-05 18:02:45.428825,HOLD,195.40
2025-08-05 18:07:46.052232,HOLD,195.54
2025-08-05 18:12:46.593152,HOLD,195.54
2025-08-05 18:17:47.198399,HOLD,195.53
2025-08-05 18:22:48.532452,HOLD,195.23
2025-08-05 18:27:49.094807,HOLD,195.10
2025-08-05 18:32:49.754580,HOLD,195.12
2025-08-05 18:37:50.373432,HOLD,194.77
2025-08-05 18:42:50.939462,HOLD,194.70
2025-08-05 18:47:51.534289,HOLD,194.47
2025-08-05 18:52:52.173165,HOLD,194.43
2025-08-05 18:57:52.851368,HOLD,194.51
2025-08-05 19:02:53.485044,HOLD,194.60
2025-08-05 19:07:54.010893,HOLD,194.49
2025-08-05 19:12:54.645134,HOLD,194.54
2025-08-05 19:17:55.473014,HOLD,194.65
2025-08-05 19:22:56.016142,HOLD,194.81
2025-08-05 19:27:56.622954,HOLD,194.38
2025-08-05 19:32:57.718765,HOLD,194.16
2025-08-05 19:50:28.273248,HOLD,194.42
2025-08-05 19:55:28.882351,HOLD,194.77
2025-08-05 20:00:29.733032,HOLD,194.67
2025-08-05 20:05:32.511321,HOLD,194.67
2025-08-06 17:47:21.776275,HOLD,196.39
2025-08-06 17:52:22.473577,HOLD,196.44
2025-08-06 17:58:40.845154,HOLD,196.47
2025-08-06 18:03:41.511767,HOLD,196.38
2025-08-06 18:08:42.135247,HOLD,196.40
2025-08-06 18:13:42.756109,HOLD,196.12
2025-08-06 18:18:43.492365,HOLD,196.10
2025-08-06 18:23:44.149636,HOLD,196.12
2025-08-06 18:28:47.617194,HOLD,196.09
2025-08-06 18:33:48.408784,HOLD,196.32
2025-08-06 18:38:49.168802,HOLD,196.29
2025-08-06 18:43:49.733226,HOLD,196.23
2025-08-06 18:48:50.300455,HOLD,196.38
2025-08-06 18:53:53.241746,HOLD,196.47
2025-08-06 18:58:53.784135,HOLD,196.32
2025-08-06 19:03:54.546696,HOLD,196.37
2025-08-06 19:08:55.190683,HOLD,196.40
2025-08-06 19:13:55.725784,HOLD,196.30
2025-08-06 19:18:57.384400,HOLD,196.41
2025-08-06 19:24:00.373541,HOLD,196.44
2025-08-06 19:29:00.964788,HOLD,196.38
2025-08-06 19:34:01.639793,HOLD,196.36
2025-08-06 19:39:02.308177,HOLD,196.18
2025-08-06 19:44:03.329177,HOLD,195.88
2025-08-06 19:49:04.249409,HOLD,195.69
2025-08-06 19:54:04.805235,HOLD,195.57
2025-08-06 19:59:05.532427,HOLD,196.08
2025-08-06 20:04:06.112989,HOLD,196.09
2025-08-06 20:09:06.810467,HOLD,196.09
2025-08-06 20:14:07.451684,HOLD,196.09
2025-08-07 13:54:12.570677,HOLD,195.73
2025-08-07 13:59:22.950525,HOLD,196.21
2025-08-07 14:04:55.035119,HOLD,196.55
2025-08-07 14:09:56.926187,HOLD,196.55
2025-08-07 14:14:57.456022,HOLD,196.38
2025-08-07 14:19:58.177806,HOLD,196.41
2025-08-07 14:24:58.999984,HOLD,196.57
2025-08-07 14:30:02.021512,HOLD,196.97
2025-08-07 14:35:02.684979,HOLD,196.71
2025-08-07 14:40:03.190088,HOLD,197.02
2025-08-07 14:45:04.119691,HOLD,197.07
2025-08-07 14:50:08.987332,HOLD,197.33
2025-08-07 14:55:10.931393,HOLD,196.65
2025-08-07 15:00:12.181657,HOLD,196.72
2025-08-07 15:05:12.754228,HOLD,196.43
2025-08-07 15:10:19.612962,HOLD,196.44
2025-08-07 15:18:57.271684,HOLD,196.45
2025-08-07 15:23:58.019807,HOLD,196.49
2025-08-07 15:29:01.337021,HOLD,196.43
